<?xml version="1.0" encoding="UTF-8"?>
<project-private xmlns="http://www.netbeans.org/ns/project-private/1">
    <editor-bookmarks xmlns="http://www.netbeans.org/ns/editor-bookmarks/2" lastBookmarkId="0"/>
    <open-files xmlns="http://www.netbeans.org/ns/projectui-open-files/2">
        <group>
            <file>file:/Users/barrymolina/MATC/FA2019/ITDEV-110/Molina_FinalExam/src/molina_finalexam/Student.java</file>
            <file>file:/Users/barrymolina/MATC/FA2019/ITDEV-110/Molina_FinalExam/src/molina_finalexam/Admin.java</file>
            <file>file:/Users/barrymolina/MATC/FA2019/ITDEV-110/Molina_FinalExam/src/molina_finalexam/UserInterface.java</file>
            <file>file:/Users/barrymolina/MATC/FA2019/ITDEV-110/Molina_FinalExam/src/molina_finalexam/Controller.java</file>
            <file>file:/Users/barrymolina/MATC/FA2019/ITDEV-110/Molina_FinalExam/src/molina_finalexam/SoundUtils.java</file>
            <file>file:/Users/barrymolina/MATC/FA2019/ITDEV-110/Molina_FinalExam/src/molina_finalexam/Molina_FinalExam.java</file>
            <file>file:/Users/barrymolina/MATC/FA2019/ITDEV-110/Molina_FinalExam/src/molina_finalexam/GradeBook.java</file>
        </group>
    </open-files>
</project-private>
