<?xml version="1.0" encoding="UTF-8"?>
<project-private xmlns="http://www.netbeans.org/ns/project-private/1">
    <editor-bookmarks xmlns="http://www.netbeans.org/ns/editor-bookmarks/2" lastBookmarkId="0"/>
    <open-files xmlns="http://www.netbeans.org/ns/projectui-open-files/2">
        <group>
            <file>file:/Users/barrymolina/MATC/FA2019/ITDEV-110/HighLow2/src/highlow2/Game.java</file>
            <file>file:/Users/barrymolina/MATC/FA2019/ITDEV-110/HighLow2/src/highlow2/Admin.java</file>
            <file>file:/Users/barrymolina/MATC/FA2019/ITDEV-110/HighLow2/src/highlow2/HighLow2.java</file>
        </group>
    </open-files>
</project-private>
