<?xml version="1.0" encoding="UTF-8"?>
<project-private xmlns="http://www.netbeans.org/ns/project-private/1">
    <editor-bookmarks xmlns="http://www.netbeans.org/ns/editor-bookmarks/2" lastBookmarkId="0"/>
    <open-files xmlns="http://www.netbeans.org/ns/projectui-open-files/2">
        <group>
            <file>file:/C:/Users/User/Desktop/ITDEV110-500_IntroToJava/Luigi'sPizza/src/luigi/spizza/Order.java</file>
            <file>file:/C:/Users/User/Desktop/ITDEV110-500_IntroToJava/Luigi'sPizza/src/luigi/spizza/Pizza.java</file>
            <file>file:/C:/Users/User/Desktop/ITDEV110-500_IntroToJava/Luigi'sPizza/src/luigi/spizza/LuigiSPizza.java</file>
        </group>
    </open-files>
</project-private>
